{
    "wallet": {
        "ltc": "",
        "doge": "DR3sr5mEAx9qAGf6QJ4e5c5ogJ8MJPiAv5",
        "zec": "",
        "bch": "",
        "btc": ""
    },
    "referral": {
        "mode": "off",
        "ref_5bot": "off",
        "ref_ltc": "",
        "ref_doge": "",
        "ref_zec": "",
        "ref_bch": "",
        "ref_btc": ""
    },
    "akun_utama": {
        "mode_nuyul": "off",
        "number": "+6285292385264",
        "change_api": "off",
        "leave": "off",
        "msg_bot":"off",
        "join":"off",
        "visit":"off"
    },
    "setting": {
        "auto_change_api":"off",
        "allow_NSFW": "on",
        "auto_switch_mode": "off",
        "delete_history":"on",
        "banyak_msg_bot":1,
        "banyak_join":7,
        "banyak_visit":200
    },
    "fitur": {
        "grup_tuyul": {
            "mode": "off",
            "chat_balance": "off",
            "group": "@gruptuyulasli",
            "chat": ["Hai..","absen","good😃","tron"," hehehehe","very nice","hi all","😊😊😊😊😊","nice","Thanks gan"]
        }, 
        "proxy": {
            "proxy": "on",
            "host":"proxy.digitalresistance.dog",
            "port":443,
            "secret":"d41d8cd98f00b204e9800998ecf8427e"
        },
        "leave": {
            "leave": "on",
            "usia_channel_leave":8
        },
        "mode":{
            "msg":"off",
            "join":"on",
            "visit":"on",
            "auto_wd":"on"
        }
    }
}
